1,Trupebistor Direct,Technical,Marc Arias,Washington,0
2,Trudimackentor WorldWide,Service,Dylan Preston,Dallas,1
3,Cipvenimin International,Service,Maureen Cherry,Columbus,2
4,Rezapan,Technical,Kathryn Atkins,Dayton,3
5,Rebanazz International,Accounting,Bobbie Everett,Santa Ana,4
6,Tuprobamicator International Inc,Service,Shawn Cross,Mobile,5
7,Grotanentor Holdings,Service,Meghan Bartlett,Jersey,6
8,Monquestilin Holdings,Accessory Customer,Kelley Mays,Baltimore,7
9,Trupickefazz Direct,Technical,Randall Yu,Pittsburgh,8
12,Tipquestor Holdings,Technical,Margaret Bray,Milwaukee,11
13,Adhupex,Prepaid Customer,Alice Wilkerson1,Colorado,12
15,Tupsipex WorldWide Inc,Technical,Elias Calhoun,Oakland,14
16,Zeesapplazz Holdings Inc,Prepaid Customer,Dina Warren,Tulsa,15
18,Raphupor  Company,Prepaid Customer,Rochelle Cowan,Toledo,17
19,Endjubommicator Holdings Group,Service,Deana Craig,Columbus,11
25,Tipjubewistor  Corp.,Accounting,Sidney Stokes,Detroit,23
29,Endmunin Holdings Group,Web,Stephan Underwood,Garland,27
33,Dopdudazz WorldWide Inc,Service,Jessie Vaughan,Grand Rapids,12
34,Updimanentor,Accounting,Keri Mayer,Dallas,31
36,Rapcadicator Holdings Corp.,Service,Kisha Gaines,Chicago,33
37,Parwerentor,Technical,Annie Roman,Seattle,34
39,Monnipistor,Prepaid Customer,Ruth Cummings,Tacoma,17
43,Tipzapan Direct,Web,Sally Haley,Fresno,39
47,Moncadex Direct Group,Service,Colleen Le,Wichita,2
52,Adfropackar International,Accounting,Toni Herman,Norfolk,27
53,Rebanower,Prepaid Customer,Bobby Mays,Pittsburgh,44
54,Grobanin Direct Group,Technical,Gilberto Mills,Tacoma,45
55,Inglibex  Corp.,Sales,Terrell Pierce,Garland,46
56,Cipdimin WorldWide Company,Prepaid Customer,Ramon Costa,Columbus,47
58,Suptumover International,Web,Travis Arroyo,Greensboro,48
59,Parpickan WorldWide,Accounting,Oliver Estes,Grand Rapids,11
60,Vareran Direct,Web,Judith Bonilla,Seattle,49
61,Emmunower International Inc,Corporate Sales,Karen Lucas,Phoenix,46
64,Hapkilazz WorldWide Company,Prepaid Customer,Donnell Kent,Yonkers,151
68,Adtumommor,(none),Charlie Hayes,Miami,6
69,Rapquestanor,Technical,Bart Robertson,Greensboro,53
70,Intumilantor International,Service,Alyssa Garner,Virginia Beach,54
71,Untumor,National Customer,Kurt Vaughn,Cleveland,55
72,Tupsapepan Holdings,Service,Karin Rose,Fresno,56
74,Monnipexentor Direct,Technical,Bryan Frey,Bakersfield,58
76,Supnipopex WorldWide,Accounting,Ashley Yu,Virginia Beach,60
81,Lomkilar Direct Inc,Accounting,Chrystal Terry,Des Moines,46
86,Adnipinicator Holdings,Technical,Julia Pace,Mobile,32
88,Partuminex Holdings Corp.,Sales,Edgar Thomas,Greensboro,69
89,Rebanupicator WorldWide,Accounting,Harvey Banks,Memphis,70
94,Surquesticator International,Service,Luke Greer,Baton Rouge,14
97,Qwiwerentor WorldWide,Service,Lester Poole,Des Moines,2
107,Winbanentor WorldWide Inc,Accounting,Samantha Collier,Dallas,43
112,Barsapamistor WorldWide,Accounting,Felix Mercer,Bakersfield,85
116,Klimunackar WorldWide Corp.,Prepaid Customer,Daniel Huerta,New York,88
118,Frozapommin Holdings Corp.,Service,Traci Snyder,Bakersfield,39
120,Fromunaquin,Service,Aimee Becker,Fort Wayne,33
121,Growerpedgover Direct Company,Accounting,Hannah Bryan,Fort Worth,56
123,Tupkilegazz,Web,Lonnie Carson,Fort Worth,44
126,Enddimamantor Direct,Corporate Marketing,Shaun Russell,Garland,60
129,Barericator,Business Marketing,Cari Conley,San Antonio,70
130,Frosapentor Holdings,Web,Jeffery Sandoval,Tucson,90
134,Thruhuponazz Holdings,Web,Janice Pittman,Denver,34
140,Endcadadicator Holdings,Prepaid Customer,Rhonda Bailey,Aurora,54
149,Inbanazz,Business Customer,Christine Aguirre,Long Beach,27
150,Varkilicator WorldWide,Service,Bobbi Yates,Montgomery,105
156,Barwerpistor Direct Corp.,International Sales,Luz Evans,Fremont,108
158,Inkilamover WorldWide Corp.,Service,Tracy Avery,Portland,39
159,Redudopentor Direct Group,Marketing,Neil Baker,Honolulu,45
161,Klivenamax Holdings,Technical,Sonia Cantu,Lubbock,43
162,Unpebistor Direct,Web,Freddie Vincent,Nashville,23
166,Qwiwerplistor,Prepaid Customer,Johnnie Shields,Fremont,113
167,Winsapower WorldWide Company,Prepaid Customer,Erick Hubbard,Los Angeles,114
168,Lomwerentor Holdings Group,Marketing,Leon Mcintosh,Buffalo,115
172,Supnipentor Direct,Prepaid Customer,Kerri Burns,Houston,117
177,Hapcadower International,Technical,Lakeisha Vincent,Aurora,120
182,Supcadax Direct,Service,Elisa Kaiser,Jersey,123
185,Emglibamex Direct Corp.,Technical,Myra Whitaker,Indianapolis,88
187,Haptumazz International Corp.,Web,Damon Gibson,Omaha,125
188,Frojubistor,Web,Shelby Weaver,Miami,1
193,Zeenipamicator,International Sales,Marcy Waters,Mobile,23
194,Endpickedistor Direct Company,Prepaid Customer,Rosemary Khan,St. Louis,6
197,Klidimackex International,Technical,Eric Sosa,Denver,88
201,Groquestantor Direct,Web,Ginger Mccoy,Corpus Christi,1
202,Parerimicator International,Prepaid Customer,Annette Morrow,Philadelphia,48